ds,y
8/7/2015,0.37 
8/8/2015,0.68 
8/9/2015,0.14 
8/10/2015,0.31 
8/11/2015,0.11 
8/12/2015,0.33 
8/13/2015,0.25 
8/14/2015,0.14 
8/15/2015,0.09 
8/16/2015,0.07 
8/17/2015,0.08 
8/18/2015,0.12 
8/19/2015,0.15 
8/20/2015,0.07 
8/21/2015,0.08 
8/22/2015,0.43 
8/23/2015,0.08 
8/24/2015,0.09 
8/25/2015,0.08 
8/26/2015,0.07 
8/27/2015,0.09 
8/28/2015,0.10 
8/29/2015,0.06 
8/30/2015,0.06 
8/31/2015,0.07 
9/1/2015,0.08 
9/2/2015,0.08 
9/3/2015,0.07 
9/4/2015,0.10 
9/5/2015,0.09 
9/6/2015,0.08 
9/7/2015,0.09 
9/8/2015,0.10 
9/9/2015,0.10 
9/10/2015,0.08 
9/11/2015,0.09 
9/12/2015,0.11 
9/13/2015,0.10 
9/14/2015,0.10 
9/15/2015,0.08 
9/16/2015,0.15 
9/17/2015,0.09 
9/18/2015,0.12 
9/19/2015,0.08 
9/20/2015,0.11 
9/21/2015,0.10 
9/22/2015,0.11 
9/23/2015,0.11 
9/24/2015,0.10 
9/25/2015,0.10 
9/26/2015,0.09 
9/27/2015,0.08 
9/28/2015,0.09 
9/29/2015,0.09 
9/30/2015,0.08 
10/1/2015,0.09 
10/2/2015,0.10 
10/3/2015,0.10 
10/4/2015,0.09 
10/5/2015,0.12 
10/6/2015,0.10 
10/7/2015,0.12 
10/8/2015,0.12 
10/9/2015,0.11 
10/10/2015,0.11 
10/11/2015,0.09 
10/12/2015,0.11 
10/13/2015,0.12 
10/14/2015,0.12 
10/15/2015,0.19 
10/16/2015,0.21 
10/17/2015,0.12 
10/18/2015,0.13 
10/19/2015,0.12 
10/20/2015,0.12 
10/21/2015,0.10 
10/22/2015,0.13 
10/23/2015,0.14 
10/24/2015,0.11 
10/25/2015,0.09 
10/26/2015,0.11 
10/27/2015,0.19 
10/28/2015,0.11 
10/29/2015,0.13 
10/30/2015,0.14 
10/31/2015,0.16 
11/1/2015,0.16 
11/2/2015,0.10 
11/3/2015,0.12 
11/4/2015,0.09 
11/5/2015,0.11 
11/6/2015,0.16 
11/7/2015,0.32 
11/8/2015,0.30 
11/9/2015,0.11 
11/10/2015,0.15 
11/11/2015,0.23 
11/12/2015,0.26 
11/13/2015,0.15 
11/14/2015,0.19 
11/15/2015,0.12 
11/16/2015,0.10 
11/17/2015,0.10 
11/18/2015,0.10 
11/19/2015,0.16 
11/20/2015,0.12 
11/21/2015,0.11 
11/22/2015,0.11 
11/23/2015,0.13 
11/24/2015,0.13 
11/25/2015,0.13 
11/26/2015,0.09 
11/27/2015,0.09 
11/28/2015,0.15 
11/29/2015,0.09 
11/30/2015,0.21 
12/1/2015,0.13 
12/2/2015,0.11 
12/3/2015,0.11 
12/4/2015,0.12 
12/5/2015,0.13 
12/6/2015,0.17 
12/7/2015,0.10 
12/8/2015,0.09 
12/9/2015,0.10 
12/10/2015,0.11 
12/11/2015,0.17 
12/12/2015,0.23 
12/13/2015,0.19 
12/14/2015,0.75 
12/15/2015,1.14 
12/16/2015,0.44 
12/17/2015,0.32 
12/18/2015,0.32 
12/19/2015,0.29 
12/20/2015,0.34 
12/21/2015,0.39 
12/22/2015,0.59 
12/23/2015,0.81 
12/24/2015,0.46 
12/25/2015,0.27 
12/26/2015,0.31 
12/27/2015,0.87 
12/28/2015,0.36 
12/29/2015,0.33 
12/30/2015,0.76 
12/31/2015,0.25 
1/1/2016,0.16 
1/2/2016,0.19 
1/3/2016,0.19 
1/4/2016,0.21 
1/5/2016,0.60 
1/6/2016,0.67 
1/7/2016,0.66 
1/8/2016,0.26 
1/9/2016,0.39 
1/10/2016,0.26 
1/11/2016,0.26 
1/12/2016,0.26 
1/13/2016,0.60 
1/14/2016,0.27 
1/15/2016,0.23 
1/16/2016,0.23 
1/17/2016,0.17 
1/18/2016,0.31 
1/19/2016,0.36 
1/20/2016,0.19 
1/21/2016,0.20 
1/22/2016,0.31 
1/23/2016,0.17 
1/24/2016,0.24 
1/25/2016,0.40 
1/26/2016,0.38 
1/27/2016,0.57 
1/28/2016,0.41 
1/29/2016,0.37 
1/30/2016,0.35 
1/31/2016,0.34 
2/1/2016,0.33 
2/2/2016,0.30 
2/3/2016,0.28 
2/4/2016,0.33 
2/5/2016,0.39 
2/6/2016,2.41 
2/7/2016,0.53 
2/8/2016,0.38 
2/9/2016,0.50 
2/10/2016,0.59 
2/11/2016,0.47 
2/12/2016,0.33 
2/13/2016,0.36 
2/14/2016,0.28 
2/15/2016,0.31 
2/16/2016,0.33 
2/17/2016,0.41 
2/18/2016,0.29 
2/19/2016,0.37 
2/20/2016,0.27 
2/21/2016,0.28 
2/22/2016,0.33 
2/23/2016,0.94 
2/24/2016,0.52 
2/25/2016,0.32 
2/26/2016,0.51 
2/27/2016,0.28 
2/28/2016,0.29 
2/29/2016,0.33 
3/1/2016,0.34 
3/2/2016,0.39 
3/3/2016,0.35 
3/4/2016,0.34 
3/5/2016,0.34 
3/6/2016,0.38 
3/7/2016,0.30 
3/8/2016,0.33 
3/9/2016,0.26 
3/10/2016,0.20 
3/11/2016,0.19 
3/12/2016,0.24 
3/13/2016,0.26 
3/14/2016,0.28 
3/15/2016,0.24 
3/16/2016,0.24 
3/17/2016,0.32 
3/18/2016,0.27 
3/19/2016,0.44 
3/20/2016,0.36 
3/21/2016,0.33 
3/22/2016,0.26 
3/23/2016,0.33 
3/24/2016,0.41 
3/25/2016,0.40 
3/26/2016,0.35 
3/27/2016,0.19 
3/28/2016,0.26 
3/29/2016,0.24 
3/30/2016,0.37 
3/31/2016,0.25 
4/1/2016,0.24 
4/2/2016,0.18 
4/3/2016,0.18 
4/4/2016,0.25 
4/5/2016,0.29 
4/6/2016,0.22 
4/7/2016,0.21 
4/8/2016,0.25 
4/9/2016,0.20 
4/10/2016,0.19 
4/11/2016,0.19 
4/12/2016,0.23 
4/13/2016,0.33 
4/14/2016,0.32 
4/15/2016,0.23 
4/16/2016,0.17 
4/17/2016,0.30 
4/18/2016,0.20 
4/19/2016,0.19 
4/20/2016,0.24 
4/21/2016,0.30 
4/22/2016,0.21 
4/23/2016,0.20 
4/24/2016,0.23 
4/25/2016,0.24 
4/26/2016,0.22 
4/27/2016,0.21 
4/28/2016,0.23 
4/29/2016,0.23 
4/30/2016,0.32 
5/1/2016,0.37 
5/2/2016,0.27 
5/3/2016,0.27 
5/4/2016,0.27 
5/5/2016,0.31 
5/6/2016,0.35 
5/7/2016,0.24 
5/8/2016,0.29 
5/9/2016,0.26 
5/10/2016,0.28 
5/11/2016,0.32 
5/12/2016,0.39 
5/13/2016,0.43 
5/14/2016,0.36 
5/15/2016,0.31 
5/16/2016,0.28 
5/17/2016,0.29 
5/18/2016,0.35 
5/19/2016,0.33 
5/20/2016,0.38 
5/21/2016,0.36 
5/22/2016,0.29 
5/23/2016,0.30 
5/24/2016,0.29 
5/25/2016,0.33 
5/26/2016,0.36 
5/27/2016,0.38 
5/28/2016,0.81 
5/29/2016,0.39 
5/30/2016,0.32 
5/31/2016,0.31 
6/1/2016,0.31 
6/2/2016,0.26 
6/3/2016,0.25 
6/4/2016,0.24 
6/5/2016,0.24 
6/6/2016,0.26 
6/7/2016,0.68 
6/8/2016,0.28 
6/9/2016,0.29 
6/10/2016,0.29 
6/11/2016,0.27 
6/12/2016,0.29 
6/13/2016,0.37 
6/14/2016,0.39 
6/15/2016,0.31 
6/16/2016,0.41 
6/17/2016,2.29 
6/18/2016,2.71 
6/19/2016,0.54 
6/20/2016,0.52 
6/21/2016,0.83 
6/22/2016,0.51 
6/23/2016,0.32 
6/24/2016,0.39 
6/25/2016,0.28 
6/26/2016,0.28 
6/27/2016,0.28 
6/28/2016,0.32 
6/29/2016,0.57 
6/30/2016,0.88 
7/1/2016,0.46 
7/2/2016,0.24 
7/3/2016,0.31 
7/4/2016,0.27 
7/5/2016,0.30 
7/6/2016,0.30 
7/7/2016,0.27 
7/8/2016,0.39 
7/9/2016,0.49 
7/10/2016,0.28 
7/11/2016,0.29 
7/12/2016,0.33 
7/13/2016,0.25 
7/14/2016,0.32 
7/15/2016,0.29 
7/16/2016,0.24 
7/17/2016,0.20 
7/18/2016,0.26 
7/19/2016,0.29 
7/20/2016,0.76 
7/21/2016,0.34 
7/22/2016,0.37 
7/23/2016,0.33 
7/24/2016,0.37 
7/25/2016,0.39 
7/26/2016,0.46 
7/27/2016,0.38 
7/28/2016,0.64 
7/29/2016,0.46 
7/30/2016,0.30 
7/31/2016,0.30 
8/1/2016,0.30 
8/2/2016,0.34 
8/3/2016,0.33 
8/4/2016,0.32 
8/5/2016,0.29 
8/6/2016,0.26 
8/7/2016,0.28 
8/8/2016,0.54 
8/9/2016,0.32 
8/10/2016,0.33 
8/11/2016,0.32 
8/12/2016,0.30 
8/13/2016,0.25 
8/14/2016,0.24 
8/15/2016,0.27 
8/16/2016,0.31 
8/17/2016,0.29 
8/18/2016,0.36 
8/19/2016,0.30 
8/20/2016,0.27 
8/21/2016,0.29 
8/22/2016,0.30 
8/23/2016,0.72 
8/24/2016,0.30 
8/25/2016,0.33 
8/26/2016,0.32 
8/27/2016,0.29 
8/28/2016,0.26 
8/29/2016,0.29 
8/30/2016,0.32 
8/31/2016,0.30 
9/1/2016,0.32 
9/2/2016,0.45 
9/3/2016,0.27 
9/4/2016,0.49 
9/5/2016,0.29 
9/6/2016,0.33 
9/7/2016,0.34 
9/8/2016,0.41 
9/9/2016,0.42 
9/10/2016,0.27 
9/11/2016,0.29 
9/12/2016,0.35 
9/13/2016,0.30 
9/14/2016,0.36 
9/15/2016,0.36 
9/16/2016,0.47 
9/17/2016,0.35 
9/18/2016,0.30 
9/19/2016,0.28 
9/20/2016,0.33 
9/21/2016,0.30 
9/22/2016,0.63 
9/23/2016,0.49 
9/24/2016,0.71 
9/25/2016,0.67 
9/26/2016,1.16 
9/27/2016,0.99 
9/28/2016,0.68 
9/29/2016,0.41 
9/30/2016,0.40 
10/1/2016,0.91 
10/2/2016,0.88 
10/3/2016,0.66 
10/4/2016,0.85 
10/5/2016,0.64 
10/6/2016,0.50 
10/7/2016,0.54 
10/8/2016,0.56 
10/9/2016,0.60 
10/10/2016,0.55 
10/11/2016,0.39 
10/12/2016,0.44 
10/13/2016,1.13 
10/14/2016,0.75 
10/15/2016,0.69 
10/16/2016,0.67 
10/17/2016,0.72 
10/18/2016,0.97 
10/19/2016,0.93 
10/20/2016,0.55 
10/21/2016,0.42 
10/22/2016,0.28 
10/23/2016,0.26 
10/24/2016,0.49 
10/25/2016,0.43 
10/26/2016,0.35 
10/27/2016,0.33 
10/28/2016,0.36 
10/29/2016,0.31 
10/30/2016,0.31 
10/31/2016,0.33 
11/1/2016,0.41 
11/2/2016,0.29 
11/3/2016,0.30 
11/4/2016,0.22 
11/5/2016,0.25 
11/6/2016,0.23 
11/7/2016,0.29 
11/8/2016,0.32 
11/9/2016,0.35 
11/10/2016,0.35 
11/11/2016,0.44 
11/12/2016,0.31 
11/13/2016,0.34 
11/14/2016,0.38 
11/15/2016,0.37 
11/16/2016,0.35 
11/17/2016,0.30 
11/18/2016,0.35 
11/19/2016,0.28 
11/20/2016,0.33 
11/21/2016,0.35 
11/22/2016,0.38 
11/23/2016,0.82 
11/24/2016,0.59 
11/25/2016,0.60 
11/26/2016,0.73 
11/27/2016,1.15 
11/28/2016,1.22 
11/29/2016,1.02 
11/30/2016,0.35 
12/1/2016,0.27 
12/2/2016,0.28 
12/3/2016,0.26 
12/4/2016,0.26 
12/5/2016,0.31 
12/6/2016,0.35 
12/7/2016,0.35 
12/8/2016,7.92 
12/9/2016,0.31 
12/10/2016,0.29 
12/11/2016,0.37 
12/12/2016,0.31 
12/13/2016,0.31 
12/14/2016,0.35 
12/15/2016,0.34 
12/16/2016,0.31 
12/17/2016,0.33 
12/18/2016,0.28 
12/19/2016,0.37 
12/20/2016,0.44 
12/21/2016,0.55 
12/22/2016,0.39 
12/23/2016,0.30 
12/24/2016,0.26 
12/25/2016,0.24 
12/26/2016,0.23 
12/27/2016,0.36 
12/28/2016,0.32 
12/29/2016,0.41 
12/30/2016,0.45 
12/31/2016,0.29 
1/1/2017,0.25 
1/2/2017,0.28 
1/3/2017,0.40 
1/4/2017,0.40 
1/5/2017,0.35 
1/6/2017,0.31 
1/7/2017,0.30 
1/8/2017,0.33 
1/9/2017,0.36 
1/10/2017,0.39 
1/11/2017,0.35 
1/12/2017,0.37 
1/13/2017,0.36 
1/14/2017,0.29 
1/15/2017,0.30 
1/16/2017,0.33 
1/17/2017,0.39 
1/18/2017,0.34 
1/19/2017,0.31 
1/20/2017,0.34 
1/21/2017,0.31 
1/22/2017,0.36 
1/23/2017,0.35 
1/24/2017,0.41 
1/25/2017,0.38 
1/26/2017,0.37 
1/27/2017,0.35 
1/28/2017,0.33 
1/29/2017,0.31 
1/30/2017,0.33 
1/31/2017,0.32 
2/1/2017,0.38 
2/2/2017,0.36 
2/3/2017,0.34 
2/4/2017,0.33 
2/5/2017,0.35 
2/6/2017,0.36 
2/7/2017,0.46 
2/8/2017,0.44 
2/9/2017,0.41 
2/10/2017,0.46 
2/11/2017,0.39 
2/12/2017,0.40 
2/13/2017,0.62 
2/14/2017,0.50 
2/15/2017,0.91 
2/16/2017,0.39 
2/17/2017,0.39 
2/18/2017,0.45 
2/19/2017,0.36 
2/20/2017,0.41 
2/21/2017,0.55 
2/22/2017,0.51 
2/23/2017,0.43 
2/24/2017,0.41 
2/25/2017,0.45 
2/26/2017,0.39 
2/27/2017,0.45 
2/28/2017,0.51 
3/1/2017,0.55 
3/2/2017,0.55 
3/3/2017,0.46 
3/4/2017,0.43 
3/5/2017,0.43 
3/6/2017,0.41 
3/7/2017,0.44 
3/8/2017,0.40 
3/9/2017,0.50 
3/10/2017,0.56 
3/11/2017,0.48 
3/12/2017,0.49 
3/13/2017,0.76 
3/14/2017,0.75 
3/15/2017,0.64 
3/16/2017,0.85 
3/17/2017,0.89 
3/18/2017,0.61 
3/19/2017,0.57 
3/20/2017,0.57 
3/21/2017,0.64 
3/22/2017,0.60 
3/23/2017,0.61 
3/24/2017,0.73 
3/25/2017,0.58 
3/26/2017,0.58 
3/27/2017,0.78 
3/28/2017,0.64 
3/29/2017,0.69 
3/30/2017,0.71 
3/31/2017,0.77 
4/1/2017,0.57 
4/2/2017,0.66 
4/3/2017,0.75 
4/4/2017,0.65 
4/5/2017,0.68 
4/6/2017,0.73 
4/7/2017,0.72 
4/8/2017,0.52 
4/9/2017,0.57 
4/10/2017,0.63 
4/11/2017,0.59 
4/12/2017,0.81 
4/13/2017,0.62 
4/14/2017,0.63 
4/15/2017,0.58 
4/16/2017,0.55 
4/17/2017,0.61 
4/18/2017,0.74 
4/19/2017,0.78 
4/20/2017,0.72 
4/21/2017,0.92 
4/22/2017,0.75 
4/23/2017,0.65 
4/24/2017,0.73 
4/25/2017,0.79 
4/26/2017,0.75 
4/27/2017,0.87 
4/28/2017,0.79 
4/29/2017,0.70 
4/30/2017,0.79 
5/1/2017,1.06 
5/2/2017,1.13 
5/3/2017,0.77 
5/4/2017,0.92 
5/5/2017,0.84 
5/6/2017,0.84 
5/7/2017,1.06 
5/8/2017,0.96 
5/9/2017,1.07 
5/10/2017,1.05 
5/11/2017,1.09 
5/12/2017,1.09 
5/13/2017,1.07 
5/14/2017,1.06 
5/15/2017,1.32 
5/16/2017,1.37 
5/17/2017,2.20 
5/18/2017,1.58 
5/19/2017,1.74 
5/20/2017,1.56 
5/21/2017,1.61 
5/22/2017,1.83 
5/23/2017,2.54 
5/24/2017,2.72 
5/25/2017,2.19 
5/26/2017,2.06 
5/27/2017,1.82 
5/28/2017,1.93 
5/29/2017,1.93 
5/30/2017,3.20 
5/31/2017,6.34 
6/1/2017,2.53 
6/2/2017,2.92 
6/3/2017,2.28 
6/4/2017,2.56 
6/5/2017,2.20 
6/6/2017,2.65 
6/7/2017,2.78 
6/8/2017,2.40 
6/9/2017,2.51 
6/10/2017,2.15 
6/11/2017,3.14 
6/12/2017,5.13 
6/13/2017,2.95 
6/14/2017,2.55 
6/15/2017,2.80 
6/16/2017,2.58 
6/17/2017,2.39 
6/18/2017,2.52 
6/19/2017,2.83 
6/20/2017,7.20 
6/21/2017,9.13 
6/22/2017,6.85 
6/23/2017,4.70 
6/24/2017,6.40 
6/25/2017,4.12 
6/26/2017,8.75 
6/27/2017,3.32 
6/28/2017,7.73 
6/29/2017,4.66 
6/30/2017,3.52 
7/1/2017,3.16 
7/2/2017,3.17 
7/3/2017,4.26 
7/4/2017,3.77 
7/5/2017,4.09 
7/6/2017,3.05 
7/7/2017,3.56 
7/8/2017,3.60 
7/9/2017,2.56 
7/10/2017,2.62 
7/11/2017,2.87 
7/12/2017,3.30 
7/13/2017,3.27 
7/14/2017,2.76 
7/15/2017,2.88 
7/16/2017,2.77 
7/17/2017,2.82 
7/18/2017,4.24 
7/19/2017,3.25 
7/20/2017,2.56 
7/21/2017,3.10 
7/22/2017,2.25 
7/23/2017,2.88 
7/24/2017,3.09 
7/25/2017,3.55 
7/26/2017,2.94 
7/27/2017,2.64 
7/28/2017,2.82 
7/29/2017,2.04 
7/30/2017,2.08 
7/31/2017,2.31 
8/1/2017,2.64 
8/2/2017,2.37 
8/3/2017,2.37 
8/4/2017,2.20 
8/5/2017,2.36 
8/6/2017,2.45 
8/7/2017,3.23 
8/8/2017,3.39 
8/9/2017,2.69 
8/10/2017,3.13 
8/11/2017,3.54 
8/12/2017,3.45 
8/13/2017,3.05 
8/14/2017,3.46 
8/15/2017,3.84 
8/16/2017,11.70 
8/17/2017,6.91 
8/18/2017,10.20 
8/19/2017,4.72 
8/20/2017,2.93 
8/21/2017,3.30 
8/22/2017,3.25 
8/23/2017,3.16 
8/24/2017,3.23 
8/25/2017,3.10 
8/26/2017,2.98 
8/27/2017,2.75 
8/28/2017,3.23 
8/29/2017,5.16 
8/30/2017,4.33 
8/31/2017,7.38 
9/1/2017,5.15 
9/2/2017,6.14 
9/3/2017,2.97 
9/4/2017,4.88 
9/5/2017,6.16 
9/6/2017,7.70 
9/7/2017,7.34 
9/8/2017,7.59 
9/9/2017,4.41 
9/10/2017,4.13 
9/11/2017,3.93 
9/12/2017,5.20 
9/13/2017,4.63 
9/14/2017,4.09 
9/15/2017,6.37 
9/16/2017,6.61 
9/17/2017,3.71 
9/18/2017,4.03 
9/19/2017,3.85 
9/20/2017,6.57 
9/21/2017,3.26 
9/22/2017,3.06 
9/23/2017,3.16 
9/24/2017,4.40 
9/25/2017,3.83 
9/26/2017,3.86 
9/27/2017,4.23 
9/28/2017,3.70 
9/29/2017,3.31 
9/30/2017,3.72 
10/1/2017,3.59 
10/2/2017,3.57 
10/3/2017,3.81 
10/4/2017,3.85 
10/5/2017,4.19 
10/6/2017,4.37 
10/7/2017,3.16 
10/8/2017,3.57 
10/9/2017,3.80 
10/10/2017,4.18 
10/11/2017,9.38 
10/12/2017,4.22 
10/13/2017,4.75 
10/14/2017,3.98 
10/15/2017,3.86 
10/16/2017,3.37 
10/17/2017,3.23 
10/18/2017,2.99 
10/19/2017,2.84 
10/20/2017,4.92 
10/21/2017,2.30 
10/22/2017,1.96 
10/23/2017,2.70 
10/24/2017,3.57 
10/25/2017,2.91 
10/26/2017,2.75 
10/27/2017,2.97 
10/28/2017,2.41 
10/29/2017,2.43 
10/30/2017,2.96 
10/31/2017,3.31 
11/1/2017,3.70 
11/2/2017,3.74 
11/3/2017,2.79 
11/4/2017,2.12 
11/5/2017,2.00 
11/6/2017,2.69 
11/7/2017,3.15 
11/8/2017,3.80 
11/9/2017,3.25 
11/10/2017,2.92 
11/11/2017,2.33 
11/12/2017,2.98 
11/13/2017,3.09 
11/14/2017,3.36 
11/15/2017,4.13 
11/16/2017,3.54 
11/17/2017,3.73 
11/18/2017,2.56 
11/19/2017,2.82 
11/20/2017,3.72 
11/21/2017,3.64 
11/22/2017,3.65 
11/23/2017,3.63 
11/24/2017,3.12 
11/25/2017,2.89 
11/26/2017,3.55 
11/27/2017,3.69 
11/28/2017,4.23 
11/29/2017,4.44 
11/30/2017,4.23 
12/1/2017,4.16 
12/2/2017,3.45 
12/3/2017,4.07 
12/4/2017,8.04 
12/5/2017,11.80 
12/6/2017,15.40 
12/7/2017,22.40 
12/8/2017,23.20 
12/9/2017,21.30 
12/10/2017,19.20 
12/11/2017,15.30 
12/12/2017,15.60 
12/13/2017,14.50 
12/14/2017,17.10 
12/15/2017,14.60 
12/16/2017,14.70 
12/17/2017,11.70 
12/18/2017,11.60 
12/19/2017,14.90 
12/20/2017,17.30 
12/21/2017,17.60 
12/22/2017,16.40 
12/23/2017,12.10 
12/24/2017,10.20 
12/25/2017,7.57 
12/26/2017,7.43 
12/27/2017,8.26 
12/28/2017,8.33 
12/29/2017,10.10 
12/30/2017,9.73 
12/31/2017,8.71 
1/1/2018,7.68 
1/2/2018,10.50 
1/3/2018,12.40 
1/4/2018,14.80 
1/5/2018,31.80 
1/6/2018,36.40 
1/7/2018,29.10 
1/8/2018,29.40 
1/9/2018,30.90 
1/10/2018,37.00 
1/11/2018,31.30 
1/12/2018,23.20 
1/13/2018,24.10 
1/14/2018,22.40 
1/15/2018,22.30 
1/16/2018,22.30 
1/17/2018,20.70 
1/18/2018,21.50 
1/19/2018,18.70 
1/20/2018,17.80 
1/21/2018,13.20 
1/22/2018,12.00 
1/23/2018,14.40 
1/24/2018,12.90 
1/25/2018,10.60 
1/26/2018,9.59 
1/27/2018,8.16 
1/28/2018,8.88 
1/29/2018,12.80 
1/30/2018,10.60 
1/31/2018,10.70 
2/1/2018,15.50 
2/2/2018,12.00 
2/3/2018,8.87 
2/4/2018,8.45 
2/5/2018,8.73 
2/6/2018,9.26 
2/7/2018,8.51 
2/8/2018,6.55 
2/9/2018,7.02 
2/10/2018,7.62 
2/11/2018,6.46 
2/12/2018,6.43 
2/13/2018,6.31 
2/14/2018,6.42 
2/15/2018,6.35 
2/16/2018,6.02 
2/17/2018,6.79 
2/18/2018,7.66 
2/19/2018,6.56 
2/20/2018,7.45 
2/21/2018,7.41 
2/22/2018,6.15 
2/23/2018,6.26 
2/24/2018,6.27 
2/25/2018,5.49 
2/26/2018,5.46 
2/27/2018,5.64 
2/28/2018,7.49 
3/1/2018,5.71 
3/2/2018,7.34 
3/3/2018,5.09 
3/4/2018,5.54 
3/5/2018,6.34 
3/6/2018,5.16 
3/7/2018,6.10 
3/8/2018,5.41 
3/9/2018,5.01 
3/10/2018,3.97 
3/11/2018,3.62 
3/12/2018,5.13 
3/13/2018,3.92 
3/14/2018,4.22 
3/15/2018,3.94 
3/16/2018,4.20 
3/17/2018,3.12 
3/18/2018,3.64 
3/19/2018,3.77 
3/20/2018,3.80 
3/21/2018,4.43 
3/22/2018,4.26 
3/23/2018,4.50 
3/24/2018,3.81 
3/25/2018,3.34 
3/26/2018,4.35 
3/27/2018,3.61 
3/28/2018,3.67 
3/29/2018,3.88 
3/30/2018,3.53 
3/31/2018,2.81 
4/1/2018,2.51 
4/2/2018,3.09 
4/3/2018,3.32 
4/4/2018,2.83 
4/5/2018,4.88 
4/6/2018,3.52 
4/7/2018,2.43 
4/8/2018,2.82 
4/9/2018,3.07 
4/10/2018,2.93 
4/11/2018,3.26 
4/12/2018,3.79 
4/13/2018,4.42 
4/14/2018,3.17 
4/15/2018,2.93 
4/16/2018,3.34 
4/17/2018,3.60 
4/18/2018,4.22 
4/19/2018,4.45 
4/20/2018,4.45 
4/21/2018,3.48 
4/22/2018,3.58 
4/23/2018,3.91 
4/24/2018,4.79 
4/25/2018,4.55 
4/26/2018,4.63 
4/27/2018,4.87 
4/28/2018,5.19 
4/29/2018,5.47 
4/30/2018,5.67 
5/1/2018,4.45 
5/2/2018,4.76 
5/3/2018,5.70 
5/4/2018,5.46 
5/5/2018,4.29 
5/6/2018,3.83 
5/7/2018,4.44 
5/8/2018,4.96 
5/9/2018,5.22 
5/10/2018,7.37 
5/11/2018,7.22 
5/12/2018,4.98 
5/13/2018,5.22 
5/14/2018,6.67 
5/15/2018,6.73 
5/16/2018,7.18 
5/17/2018,7.90 
5/18/2018,7.48 
5/19/2018,6.63 
5/20/2018,6.05 
5/21/2018,6.83 
5/22/2018,7.70 
5/23/2018,7.81 
5/24/2018,7.19 
5/25/2018,6.88 
5/26/2018,5.96 
5/27/2018,5.47 
5/28/2018,8.63 
5/29/2018,8.26 
5/30/2018,8.67 
5/31/2018,10.70 
6/1/2018,8.76 
6/2/2018,6.03 
6/3/2018,5.91 
6/4/2018,7.39 
6/5/2018,6.35 
6/6/2018,8.09 
6/7/2018,6.32 
6/8/2018,5.48 
6/9/2018,4.39 
6/10/2018,4.39 
6/11/2018,4.73 
6/12/2018,4.67 
6/13/2018,4.87 
6/14/2018,5.23 
6/15/2018,6.02 
6/16/2018,5.76 
6/17/2018,3.11 
6/18/2018,3.31 
6/19/2018,4.66 
6/20/2018,4.38 
6/21/2018,4.16 
6/22/2018,8.82 
6/23/2018,3.47 
6/24/2018,5.15 
6/25/2018,5.27 
6/26/2018,3.89 
6/27/2018,3.88 
6/28/2018,3.70 
6/29/2018,3.92 
6/30/2018,20.00 
7/1/2018,32.40 
7/2/2018,58.60 
7/3/2018,40.20 
7/4/2018,29.40 
7/5/2018,25.60 
7/6/2018,33.60 
7/7/2018,30.20 
7/8/2018,13.80 
7/9/2018,11.00 
7/10/2018,7.34 
7/11/2018,8.39 
7/12/2018,13.60 
7/13/2018,15.30 
7/14/2018,29.30 
7/15/2018,35.60 
7/16/2018,5.83 
7/17/2018,5.07 
7/18/2018,4.78 
7/19/2018,4.32 
7/20/2018,5.58 
7/21/2018,5.91 
7/22/2018,3.68 
7/23/2018,5.58 
7/24/2018,4.76 
7/25/2018,4.43 
7/26/2018,3.91 
7/27/2018,3.63 
7/28/2018,5.13 
7/29/2018,3.04 
7/30/2018,3.43 
7/31/2018,3.56 
8/1/2018,7.48 
8/2/2018,3.34 
8/3/2018,3.44 
8/4/2018,4.01 
8/5/2018,2.63 
8/6/2018,4.27 
8/7/2018,13.40 
8/8/2018,28.80 
8/9/2018,24.80 
8/10/2018,15.20 
8/11/2018,5.07 
8/12/2018,3.62 
8/13/2018,5.27 
8/14/2018,5.99 
8/15/2018,5.90 
8/16/2018,5.25 
8/17/2018,19.40 
8/18/2018,4.42 
8/19/2018,3.94 
8/20/2018,4.06 
8/21/2018,3.78 
8/22/2018,8.91 
8/23/2018,6.00 
8/24/2018,10.60 
8/25/2018,3.34 
8/26/2018,9.51 
8/27/2018,3.76 
8/28/2018,3.81 
8/29/2018,5.31 
8/30/2018,4.41 
8/31/2018,4.48 
9/1/2018,3.61 
9/2/2018,3.32 
9/3/2018,3.72 
9/4/2018,4.60 
9/5/2018,3.62 
9/6/2018,5.11 
9/7/2018,5.07 
9/8/2018,4.04 
9/9/2018,4.33 
9/10/2018,4.48 
9/11/2018,5.12 
9/12/2018,5.20 
9/13/2018,5.36 
9/14/2018,3.92 
9/15/2018,3.85 
9/16/2018,3.70 
9/17/2018,4.42 
9/18/2018,5.43 
9/19/2018,6.98 
9/20/2018,4.95 
9/21/2018,6.80 
9/22/2018,4.19 
9/23/2018,3.70 
9/24/2018,6.79 
9/25/2018,5.15 
9/26/2018,5.35 
9/27/2018,5.70 
9/28/2018,6.21 
9/29/2018,6.62 
9/30/2018,5.22 
10/1/2018,6.12 
10/2/2018,6.46 
10/3/2018,4.45 
10/4/2018,4.41 
10/5/2018,4.30 
10/6/2018,2.91 
10/7/2018,3.14 
10/8/2018,4.31 
10/9/2018,3.87 
10/10/2018,4.48 
10/11/2018,4.72 
10/12/2018,6.18 
10/13/2018,3.41 
10/14/2018,2.96 
10/15/2018,4.10 
10/16/2018,3.52 
10/17/2018,3.83 
10/18/2018,3.63 
10/19/2018,4.15 
10/20/2018,3.66 
10/21/2018,3.32 
10/22/2018,4.00 
10/23/2018,4.07 
10/24/2018,4.71 
10/25/2018,5.43 
10/26/2018,4.81 
10/27/2018,3.53 
10/28/2018,3.33 
10/29/2018,4.27 
10/30/2018,4.23 
10/31/2018,4.23 
11/1/2018,4.07 
11/2/2018,4.44 
11/3/2018,3.97 
11/4/2018,3.53 
11/5/2018,5.03 
11/6/2018,5.09 
11/7/2018,4.68 
11/8/2018,5.48 
11/9/2018,4.11 
11/10/2018,2.98 
11/11/2018,2.77 
11/12/2018,4.43 
11/13/2018,4.78 
11/14/2018,5.78 
11/15/2018,6.29 
11/16/2018,5.44 
11/17/2018,4.08 
11/18/2018,4.60 
11/19/2018,6.33 
11/20/2018,6.51 
11/21/2018,5.27 
11/22/2018,5.02 
11/23/2018,5.28 
11/24/2018,4.61 
11/25/2018,5.30 
11/26/2018,5.21 
11/27/2018,4.84 
11/28/2018,6.45 
11/29/2018,7.37 
11/30/2018,8.90 
12/1/2018,5.86 
12/2/2018,5.14 
12/3/2018,6.00 
12/4/2018,6.09 
12/5/2018,6.52 
12/6/2018,5.04 
12/7/2018,4.92 
12/8/2018,3.51 
12/9/2018,3.41 
12/10/2018,4.04 
12/11/2018,3.85 
12/12/2018,3.69 
12/13/2018,4.37 
12/14/2018,5.88 
12/15/2018,3.39 
12/16/2018,3.09 
12/17/2018,3.93 
12/18/2018,6.62 
12/19/2018,4.50 
12/20/2018,4.46 
12/21/2018,4.25 
12/22/2018,3.26 
12/23/2018,3.62 
12/24/2018,4.41 
12/25/2018,4.39 
12/26/2018,5.07 
12/27/2018,3.39 
12/28/2018,3.64 
12/29/2018,3.21 
12/30/2018,5.65 
12/31/2018,3.32 
1/1/2019,3.03 
1/2/2019,3.47 
1/3/2019,3.28 
1/4/2019,3.60 
1/5/2019,4.94 
1/6/2019,3.00 
1/7/2019,3.36 
1/8/2019,3.13 
1/9/2019,2.99 
1/10/2019,3.65 
1/11/2019,3.31 
1/12/2019,2.47 
1/13/2019,2.66 
1/14/2019,5.08 
1/15/2019,4.23 
1/16/2019,4.32 
1/17/2019,3.30 
1/18/2019,3.70 
1/19/2019,3.31 
1/20/2019,3.07 
1/21/2019,3.56 
1/22/2019,4.86 
1/23/2019,3.44 
1/24/2019,3.55 
1/25/2019,3.25 
1/26/2019,2.72 
1/27/2019,2.70 
1/28/2019,3.73 
1/29/2019,3.29 
1/30/2019,3.51 
1/31/2019,3.90 
2/1/2019,3.59 
2/2/2019,2.87 
2/3/2019,2.54 
2/4/2019,2.67 
2/5/2019,2.70 
2/6/2019,2.84 
2/7/2019,3.03 
2/8/2019,3.27 
2/9/2019,2.92 
2/10/2019,2.74 
2/11/2019,3.21 
2/12/2019,3.17 
2/13/2019,3.57 
2/14/2019,3.95 
2/15/2019,4.08 
2/16/2019,3.60 
2/17/2019,3.58 
2/18/2019,4.92 
2/19/2019,44.80 
2/20/2019,4.65 
2/21/2019,4.50 
2/22/2019,4.26 
2/23/2019,3.85 
2/24/2019,4.65 
2/25/2019,5.24 
2/26/2019,5.25 
2/27/2019,4.78 
2/28/2019,5.45 
3/1/2019,3.93 
3/2/2019,3.58 
3/3/2019,3.32 
3/4/2019,4.29 
3/5/2019,4.30 
3/6/2019,4.14 
3/7/2019,4.11 
3/8/2019,4.06 
3/9/2019,3.61 
3/10/2019,3.14 
3/11/2019,3.50 
3/12/2019,3.57 
3/13/2019,3.47 
3/14/2019,3.23 
3/15/2019,3.32 
3/16/2019,2.73 
3/17/2019,3.11 
3/18/2019,25.80 
3/19/2019,4.32 
3/20/2019,3.91 
3/21/2019,5.66 
3/22/2019,4.62 
3/23/2019,3.49 
3/24/2019,3.47 
3/25/2019,4.38 
3/26/2019,4.56 
3/27/2019,5.02 
3/28/2019,4.34 
3/29/2019,4.89 
3/30/2019,3.83 
3/31/2019,3.91 
4/1/2019,4.90 
4/2/2019,5.64 
4/3/2019,6.66 
4/4/2019,5.05 
4/5/2019,3.93 
4/6/2019,3.44 
4/7/2019,3.52 
4/8/2019,4.50 
4/9/2019,3.97 
4/10/2019,5.43 
4/11/2019,4.64 
4/12/2019,4.05 
4/13/2019,3.32 
4/14/2019,3.10 
4/15/2019,3.54 
4/16/2019,4.13 
4/17/2019,4.33 
4/18/2019,4.50 
4/19/2019,3.73 
4/20/2019,2.91 
4/21/2019,3.11 
4/22/2019,3.60 
4/23/2019,3.90 
4/24/2019,3.69 
4/25/2019,3.19 
4/26/2019,4.08 
4/27/2019,2.64 
4/28/2019,2.76 
4/29/2019,3.08 
4/30/2019,3.33 
5/1/2019,3.47 
5/2/2019,7.79 
5/3/2019,3.77 
5/4/2019,3.13 
5/5/2019,3.22 
5/6/2019,3.95 
5/7/2019,4.69 
5/8/2019,3.96 
5/9/2019,3.85 
5/10/2019,4.28 
5/11/2019,3.65 
5/12/2019,3.63 
5/13/2019,4.69 
5/14/2019,5.29 
5/15/2019,6.61 
5/16/2019,9.07 
5/17/2019,7.41 
5/18/2019,5.57 
5/19/2019,4.82 
5/20/2019,5.68 
5/21/2019,4.65 
5/22/2019,6.41 
5/23/2019,5.53 
5/24/2019,5.97 
5/25/2019,4.45 
5/26/2019,3.60 
5/27/2019,6.16 
5/28/2019,5.98 
5/29/2019,6.65 
5/30/2019,6.93 
5/31/2019,6.22 
6/1/2019,5.98 
6/2/2019,4.21 
6/3/2019,5.31 
6/4/2019,5.38 
6/5/2019,5.18 
6/6/2019,4.89 
6/7/2019,4.54 
6/8/2019,7.22 
6/9/2019,3.51 
6/10/2019,7.68 
6/11/2019,5.97 
6/12/2019,3.87 
6/13/2019,3.94 
6/14/2019,5.09 
6/15/2019,6.50 
6/16/2019,3.88 
6/17/2019,7.21 
6/18/2019,4.86 
6/19/2019,5.68 
6/20/2019,7.77 
6/21/2019,4.09 
6/22/2019,3.84 
6/23/2019,4.02 
6/24/2019,4.80 
6/25/2019,7.21 
6/26/2019,7.04 
6/27/2019,7.74 
6/28/2019,7.52 
6/29/2019,4.81 
6/30/2019,4.72 
7/1/2019,7.83 
7/2/2019,5.86 
7/3/2019,4.17 
7/4/2019,3.78 
7/5/2019,5.21 
7/6/2019,4.59 
7/7/2019,2.93 
7/8/2019,5.34 
7/9/2019,4.42 
7/10/2019,3.75 
7/11/2019,7.32 
7/12/2019,4.22 
7/13/2019,3.11 
7/14/2019,4.06 
7/15/2019,4.98 
7/16/2019,10.20 
7/17/2019,7.41 
7/18/2019,3.78 
7/19/2019,5.98 
7/20/2019,2.88 
7/21/2019,2.74 
7/22/2019,3.19 
7/23/2019,3.47 
7/24/2019,7.36 
7/25/2019,7.27 
7/26/2019,3.61 
7/27/2019,3.35 
7/28/2019,2.62 
7/29/2019,3.48 
7/30/2019,3.81 
7/31/2019,4.09 
8/1/2019,7.07 
8/2/2019,4.92 
8/3/2019,5.74 
8/4/2019,2.63 
8/5/2019,3.67 
8/6/2019,4.00 
8/7/2019,3.72 
8/8/2019,3.91 
8/9/2019,4.12 
8/10/2019,3.22 
8/11/2019,2.87 
8/12/2019,3.80 
8/13/2019,4.42 
8/14/2019,4.24 
8/15/2019,4.95 
8/16/2019,3.81 
8/17/2019,2.86 
8/18/2019,2.93 
8/19/2019,4.59 
8/20/2019,4.70 
8/21/2019,5.60 
8/22/2019,4.89 
8/23/2019,4.58 
8/24/2019,3.92 
8/25/2019,5.11 
8/26/2019,6.32 
8/27/2019,4.98 
8/28/2019,5.11 
8/29/2019,5.17 
8/30/2019,5.00 
8/31/2019,4.45 
9/1/2019,4.57 
9/2/2019,5.63 
9/3/2019,5.52 
9/4/2019,5.37 
9/5/2019,6.84 
9/6/2019,7.30 
9/7/2019,6.78 
9/8/2019,7.27 
9/9/2019,8.32 
9/10/2019,9.17 
9/11/2019,8.69 
9/12/2019,9.62 
9/13/2019,8.71 
9/14/2019,9.56 
9/15/2019,9.70 
9/16/2019,10.10 
9/17/2019,12.20 
9/18/2019,13.00 
9/19/2019,14.60 
9/20/2019,14.70 
9/21/2019,11.50 
9/22/2019,8.95 
9/23/2019,13.10 
9/24/2019,15.40 
9/25/2019,16.30 
9/26/2019,12.20 
9/27/2019,12.40 
9/28/2019,12.10 
9/29/2019,11.30 
9/30/2019,10.10 
10/1/2019,5.11 
10/2/2019,4.85 
10/3/2019,6.44 
10/4/2019,4.95 
10/5/2019,4.27 
10/6/2019,3.91 
10/7/2019,4.39 
10/8/2019,4.67 
10/9/2019,5.70 
10/10/2019,4.99 
10/11/2019,4.70 
10/12/2019,3.92 
10/13/2019,3.76 
10/14/2019,4.45 
10/15/2019,4.67 
10/16/2019,4.55 
10/17/2019,4.32 
10/18/2019,4.63 
10/19/2019,4.13 
10/20/2019,4.46 
10/21/2019,4.64 
10/22/2019,5.35 
10/23/2019,6.90 
10/24/2019,5.34 
10/25/2019,5.64 
10/26/2019,5.58 
10/27/2019,4.44 
10/28/2019,5.34 
10/29/2019,5.52 
10/30/2019,5.63 
10/31/2019,5.35 
11/1/2019,4.92 
11/2/2019,3.92 
11/3/2019,4.11 
11/4/2019,4.80 
11/5/2019,5.08 
11/6/2019,4.64 
11/7/2019,6.61 
11/8/2019,5.01 
11/9/2019,4.16 
11/10/2019,4.03 
11/11/2019,4.99 
11/12/2019,4.81 
11/13/2019,4.93 
11/14/2019,4.97 
11/15/2019,4.80 
11/16/2019,3.80 
11/17/2019,4.02 
11/18/2019,6.18 
11/19/2019,5.15 
11/20/2019,5.09 
11/21/2019,7.65 
11/22/2019,12.50 
11/23/2019,4.27 
11/24/2019,4.26 
11/25/2019,9.83 
11/26/2019,6.86 
11/27/2019,5.50 
11/28/2019,5.45 
11/29/2019,4.67 
11/30/2019,4.06 
12/1/2019,4.91 
12/2/2019,5.02 
12/3/2019,4.36 
12/4/2019,4.86 
12/5/2019,4.18 
12/6/2019,3.72 
12/7/2019,3.09 
12/8/2019,2.65 
12/9/2019,3.81 
12/10/2019,4.19 
12/11/2019,4.29 
12/12/2019,4.19 
12/13/2019,3.99 
12/14/2019,3.41 
12/15/2019,3.52 
12/16/2019,5.02 
12/17/2019,6.68 
12/18/2019,5.70 
12/19/2019,4.31 
12/20/2019,4.38 
12/21/2019,3.43 
12/22/2019,3.22 
12/23/2019,4.30 
12/24/2019,3.73 
12/25/2019,3.58 
12/26/2019,3.66 
12/27/2019,3.55 
12/28/2019,3.05 
12/29/2019,2.94 
12/30/2019,3.53 
12/31/2019,3.74 
1/1/2020,3.00 
1/2/2020,2.90 
1/3/2020,3.42 
1/4/2020,2.76 
1/5/2020,2.68 
1/6/2020,3.65 
1/7/2020,3.51 
1/8/2020,4.24 
1/9/2020,3.46 
1/10/2020,4.11 
1/11/2020,3.13 
1/12/2020,2.89 
1/13/2020,3.44 
1/14/2020,5.05 
1/15/2020,4.07 
1/16/2020,3.43 
1/17/2020,3.70 
1/18/2020,3.45 
1/19/2020,3.25 
1/20/2020,2.97 
1/21/2020,2.74 
1/22/2020,2.53 
1/23/2020,2.56 
1/24/2020,2.51 
1/25/2020,1.90 
1/26/2020,1.93 
1/27/2020,2.34 
1/28/2020,2.61 
1/29/2020,2.69 
1/30/2020,3.09 
1/31/2020,3.05 
2/1/2020,2.74 
2/2/2020,2.78 
2/3/2020,3.22 
2/4/2020,3.56 
2/5/2020,4.38 
2/6/2020,4.85 
2/7/2020,4.88 
2/8/2020,3.95 
2/9/2020,3.68 
2/10/2020,3.92 
2/11/2020,4.26 
2/12/2020,5.92 
2/13/2020,5.42 
2/14/2020,5.23 
2/15/2020,4.98 
2/16/2020,5.93 
2/17/2020,4.81 
2/18/2020,4.49 
2/19/2020,4.89 
2/20/2020,5.15 
2/21/2020,3.43 
2/22/2020,3.06 
2/23/2020,3.62 
2/24/2020,4.09 
2/25/2020,4.76 
2/26/2020,8.48 
2/27/2020,5.47 
2/28/2020,4.65 
2/29/2020,3.26 
3/1/2020,3.45 
3/2/2020,3.54 
3/3/2020,3.74 
3/4/2020,3.77 
3/5/2020,4.35 
3/6/2020,4.02 
3/7/2020,3.69 
3/8/2020,6.81 
3/9/2020,7.48 
3/10/2020,4.71 
3/11/2020,5.87 
3/12/2020,51.10 
3/13/2020,49.00 
3/14/2020,5.86 
3/15/2020,5.23 
3/16/2020,14.60 
3/17/2020,7.60 
3/18/2020,6.14 
3/19/2020,8.88 
3/20/2020,7.24 
3/21/2020,5.17 
3/22/2020,5.00 
3/23/2020,5.90 
3/24/2020,5.61 
3/25/2020,5.48 
3/26/2020,5.26 
3/27/2020,4.92 
3/28/2020,4.03 
3/29/2020,3.52 
3/30/2020,4.53 
3/31/2020,5.01 
4/1/2020,4.58 
4/2/2020,5.22 
4/3/2020,4.86 
4/4/2020,3.64 
4/5/2020,3.52 
4/6/2020,6.42 
4/7/2020,5.82 
4/8/2020,5.11 
4/9/2020,4.90 
4/10/2020,5.20 
4/11/2020,3.99 
4/12/2020,3.68 
4/13/2020,4.96 
4/14/2020,5.25 
4/15/2020,4.93 
4/16/2020,6.94 
4/17/2020,5.28 
4/18/2020,5.84 
4/19/2020,5.13 
4/20/2020,6.62 
4/21/2020,6.97 
4/22/2020,6.58 
4/23/2020,6.93 
4/24/2020,6.63 
4/25/2020,5.69 
4/26/2020,6.36 
4/27/2020,6.52 
4/28/2020,5.98 
4/29/2020,9.78 
4/30/2020,12.80 
5/1/2020,6.82 
5/2/2020,5.19 
5/3/2020,6.02 
5/4/2020,7.43 
5/5/2020,7.79 
5/6/2020,9.43 
5/7/2020,11.70 
5/8/2020,11.40 
5/9/2020,9.42 
5/10/2020,17.00 
5/11/2020,13.00 
5/12/2020,14.60 
5/13/2020,18.60 
5/14/2020,22.50 
5/15/2020,17.00 
5/16/2020,13.80 
5/17/2020,14.90 
5/18/2020,20.00 
5/19/2020,17.90 
5/20/2020,20.70 
5/21/2020,28.10 
5/22/2020,19.30 
5/23/2020,12.30 
5/24/2020,16.20 
5/25/2020,20.90 
5/26/2020,21.40 
5/27/2020,23.30 
5/28/2020,22.60 
5/29/2020,19.60 
5/30/2020,19.00 
5/31/2020,15.70 
6/1/2020,18.00 
6/2/2020,20.80 
6/3/2020,16.20 
6/4/2020,17.40 
6/5/2020,18.20 
6/6/2020,20.60 
6/7/2020,22.40 
6/8/2020,22.70 
6/9/2020,21.50 
6/10/2020,130.00 
6/11/2020,154.00 
6/12/2020,20.50 
6/13/2020,15.90 
6/14/2020,13.40 
6/15/2020,25.30 
6/16/2020,23.10 
6/17/2020,24.20 
6/18/2020,22.30 
6/19/2020,24.80 
6/20/2020,19.50 
6/21/2020,19.90 
6/22/2020,28.50 
6/23/2020,32.00 
6/24/2020,33.10 
6/25/2020,29.50 
6/26/2020,26.90 
6/27/2020,25.20 
6/28/2020,24.20 
6/29/2020,27.00 
6/30/2020,36.10 
7/1/2020,32.20 
7/2/2020,29.10 
7/3/2020,30.20 
7/4/2020,22.50 
7/5/2020,21.00 
7/6/2020,27.20 
7/7/2020,27.70 
7/8/2020,36.00 
7/9/2020,32.60 
7/10/2020,25.60 
7/11/2020,22.50 
7/12/2020,21.10 
7/13/2020,36.00 
7/14/2020,29.90 
7/15/2020,35.90 
7/16/2020,38.70 
7/17/2020,39.70 
7/18/2020,36.40 
7/19/2020,39.40 
7/20/2020,50.80 
7/21/2020,53.30 
7/22/2020,51.90 
7/23/2020,59.90 
7/24/2020,56.20 
7/25/2020,61.50 
7/26/2020,54.90 
7/27/2020,74.10 
7/28/2020,53.90 
7/29/2020,56.20 
7/30/2020,52.60 
7/31/2020,59.20 
8/1/2020,47.90 
8/2/2020,58.70 
8/3/2020,52.40 
8/4/2020,43.60 
8/5/2020,40.70 
8/6/2020,44.70 
8/7/2020,56.90 
8/8/2020,51.50 
8/9/2020,60.80 
8/10/2020,93.30 
8/11/2020,99.80 
8/12/2020,178.00 
8/13/2020,203.00 
8/14/2020,164.00 
8/15/2020,91.10 
8/16/2020,78.90 
8/17/2020,86.20 
8/18/2020,103.00 
8/19/2020,108.00 
8/20/2020,91.20 
8/21/2020,125.00 
8/22/2020,79.90 
8/23/2020,65.50 
8/24/2020,77.40 
8/25/2020,83.70 
8/26/2020,71.80 
8/27/2020,73.60 
8/28/2020,72.00 
8/29/2020,78.40 
8/30/2020,166.00 
8/31/2020,189.00 
9/1/2020,355.00 
9/2/2020,380.00 
9/3/2020,310.00 
9/4/2020,180.00 
9/5/2020,218.00 
9/6/2020,100.00 
9/7/2020,86.60 
9/8/2020,79.90 
9/9/2020,92.40 
9/10/2020,139.00 
9/11/2020,115.00 
9/12/2020,82.10 
9/13/2020,93.10 
9/14/2020,155.00 
9/15/2020,148.00 
9/16/2020,117.00 
9/17/2020,428.00 
9/18/2020,247.00 
9/19/2020,135.00 
9/20/2020,102.00 
9/21/2020,136.00 
9/22/2020,122.00 
9/23/2020,101.00 
9/24/2020,84.80 
9/25/2020,76.90 
9/26/2020,62.80 
9/27/2020,63.80 
9/28/2020,90.50 
9/29/2020,113.00 
9/30/2020,88.50 
10/1/2020,74.50 
10/2/2020,68.20 
10/3/2020,55.60 
10/4/2020,59.00 
10/5/2020,64.70 
10/6/2020,83.20 
10/7/2020,61.20 
10/8/2020,59.90 
10/9/2020,57.50 
10/10/2020,44.90 
10/11/2020,35.90 
10/12/2020,55.20 
10/13/2020,57.00 
10/14/2020,59.30 
10/15/2020,58.20 
10/16/2020,47.40 
10/17/2020,25.90 
10/18/2020,27.40 
10/19/2020,41.80 
10/20/2020,45.30 
10/21/2020,57.40 
10/22/2020,48.50 
10/23/2020,44.00 
10/24/2020,22.60 
10/25/2020,23.50 
10/26/2020,44.20 
10/27/2020,31.50 
10/28/2020,48.50 
10/29/2020,50.90 
10/30/2020,46.20 
10/31/2020,29.90 
11/1/2020,24.10 
11/2/2020,44.00 
11/3/2020,33.50 
11/4/2020,27.70 
11/5/2020,37.60 
11/6/2020,45.20 
11/7/2020,42.80 
11/8/2020,21.30 
11/9/2020,31.80 
11/10/2020,37.80 
11/11/2020,37.50 
11/12/2020,41.80 
11/13/2020,41.10 
11/14/2020,27.90 
11/15/2020,25.20 
11/16/2020,35.40 
11/17/2020,58.90 
11/18/2020,63.70 
11/19/2020,38.90 
11/20/2020,51.00 
11/21/2020,50.70 
11/22/2020,48.50 
11/23/2020,58.30 
11/24/2020,71.70 
11/25/2020,45.80 
11/26/2020,112.00 
11/27/2020,31.20 
11/28/2020,22.40 
11/29/2020,19.60 
11/30/2020,60.20 
12/1/2020,65.40 
12/2/2020,31.60 
12/3/2020,34.90 
12/4/2020,39.40 
12/5/2020,26.60 
12/6/2020,26.50 
12/7/2020,35.70 
12/8/2020,48.50 
12/9/2020,50.20 
12/10/2020,42.50 
12/11/2020,48.30 
12/12/2020,31.10 
12/13/2020,33.20 
12/14/2020,47.50 
12/15/2020,65.20 
12/16/2020,64.10 
12/17/2020,110.00 
12/18/2020,55.60 
12/19/2020,48.90 
12/20/2020,34.20 
12/21/2020,61.80 
12/22/2020,52.20 
12/23/2020,89.70 
12/24/2020,66.70 
12/25/2020,71.00 
12/26/2020,52.00 
12/27/2020,75.60 
12/28/2020,88.70 
12/29/2020,74.20 
12/30/2020,89.90 
12/31/2020,77.70 
1/1/2021,51.90 
1/2/2021,80.10 
1/3/2021,130.00 
1/4/2021,201.00 
1/5/2021,110.00 
1/6/2021,97.60 
1/7/2021,106.00 
1/8/2021,112.00 
1/9/2021,72.00 
1/10/2021,69.80 
1/11/2021,197.00 
1/12/2021,67.80 
1/13/2021,53.70 
1/14/2021,65.00 
1/15/2021,74.20 
1/16/2021,63.00 
1/17/2021,48.70 
1/18/2021,58.00 
1/19/2021,79.60 
1/20/2021,66.60 
1/21/2021,97.40 
1/22/2021,104.00 
1/23/2021,63.40 
1/24/2021,64.00 
1/25/2021,86.20 
1/26/2021,66.80 
1/27/2021,77.30 
1/28/2021,73.40 
1/29/2021,109.00 
1/30/2021,86.40 
1/31/2021,103.00 
2/1/2021,121.00 
2/2/2021,138.00 
2/3/2021,137.00 
2/4/2021,188.00 
2/5/2021,197.00 
2/6/2021,141.00 
2/7/2021,126.00 
2/8/2021,165.00 
2/9/2021,184.00 
2/10/2021,169.00 
2/11/2021,136.00 
2/12/2021,140.00 
2/13/2021,145.00 
2/14/2021,117.00 
2/15/2021,143.00 
2/16/2021,135.00 
2/17/2021,138.00 
2/18/2021,144.00 
2/19/2021,150.00 
2/20/2021,159.00 
2/21/2021,113.00 
2/22/2021,224.00 
2/23/2021,317.00 
2/24/2021,163.00 
2/25/2021,131.00 
2/26/2021,127.00 
2/27/2021,94.80 
2/28/2021,95.90 
3/1/2021,92.70 
3/2/2021,99.30 
3/3/2021,102.00 
3/4/2021,89.30 
3/5/2021,110.00 
3/6/2021,78.40 
3/7/2021,105.00 
3/8/2021,109.00 
3/9/2021,110.00 
3/10/2021,107.00 
3/11/2021,106.00 
3/12/2021,136.00 
3/13/2021,130.00 
3/14/2021,119.00 
3/15/2021,150.00 
3/16/2021,149.00 
3/17/2021,155.00 
3/18/2021,144.00 
3/19/2021,126.00 
3/20/2021,113.00 
3/21/2021,108.00 
3/22/2021,150.00 
3/23/2021,131.00 
3/24/2021,140.00 
3/25/2021,145.00 
3/26/2021,117.00 
3/27/2021,93.90 
3/28/2021,98.00 
3/29/2021,119.00 
3/30/2021,133.00 
3/31/2021,168.00 
4/1/2021,155.00 
4/2/2021,146.00 
4/3/2021,118.00 
4/4/2021,88.60 
4/5/2021,117.00 
4/6/2021,122.00 
4/7/2021,120.00 
4/8/2021,96.10 
4/9/2021,93.40 
4/10/2021,79.90 
4/11/2021,66.90 
4/12/2021,86.40 
4/13/2021,94.00 
4/14/2021,109.00 
4/15/2021,78.80 
4/16/2021,143.00 
4/17/2021,117.00 
4/18/2021,140.00 
4/19/2021,154.00 
4/20/2021,216.00 
4/21/2021,149.00 
4/22/2021,132.00 
4/23/2021,115.00 
4/24/2021,63.50 
4/25/2021,51.70 
4/26/2021,56.90 
4/27/2021,60.40 
4/28/2021,72.40 
4/29/2021,66.50 
4/30/2021,52.10 
5/1/2021,49.10 
5/2/2021,38.60 
5/3/2021,61.60 
5/4/2021,64.00 
5/5/2021,55.80 
5/6/2021,61.40 
5/7/2021,63.50 
5/8/2021,131.00 
5/9/2021,121.00 
5/10/2021,225.00 
5/11/2021,282.00 
5/12/2021,269.00 
5/13/2021,165.00 
5/14/2021,122.00 
5/15/2021,89.20 
5/16/2021,77.30 
5/17/2021,89.40 
5/18/2021,82.50 
5/19/2021,308.00 
5/20/2021,123.00 
5/21/2021,110.00 
5/22/2021,53.00 
5/23/2021,136.00 
5/24/2021,63.60 
5/25/2021,47.80 
5/26/2021,45.90 
5/27/2021,36.30 
5/28/2021,37.70 
5/29/2021,31.00 
5/30/2021,26.40 
5/31/2021,30.80 
6/1/2021,28.40 
6/2/2021,29.70 
6/3/2021,30.60 
6/4/2021,26.10 
6/5/2021,18.40 
6/6/2021,15.60 
6/7/2021,21.00 
6/8/2021,28.50 
6/9/2021,23.70 
6/10/2021,20.00 
6/11/2021,22.80 
6/12/2021,19.10 
6/13/2021,14.70 
6/14/2021,19.30 
6/15/2021,20.40 
6/16/2021,19.40 
6/17/2021,21.10 
6/18/2021,20.90 
6/19/2021,14.90 
6/20/2021,17.10 
6/21/2021,41.30 
6/22/2021,66.00 
6/23/2021,21.50 
6/24/2021,19.10 
6/25/2021,24.60 
6/26/2021,14.90 
6/27/2021,24.90 
6/28/2021,22.50 
6/29/2021,22.40 
6/30/2021,30.60 
7/1/2021,21.50 
7/2/2021,16.80 
7/3/2021,15.20 
7/4/2021,12.80 
7/5/2021,17.60 
7/6/2021,48.20 
7/7/2021,36.80 
7/8/2021,34.60 
7/9/2021,26.30 
7/10/2021,16.30 
7/11/2021,12.50 
7/12/2021,26.80 
7/13/2021,29.30 
7/14/2021,43.50 
7/15/2021,41.80 
7/16/2021,39.30 
7/17/2021,26.70 
7/18/2021,25.60 
7/19/2021,27.50 
7/20/2021,31.30 
7/21/2021,24.90 
7/22/2021,31.60 
7/23/2021,37.00 
7/24/2021,22.20 
7/25/2021,19.90 
7/26/2021,38.80 
7/27/2021,48.50 
7/28/2021,51.60 
7/29/2021,30.10 
7/30/2021,35.30 
7/31/2021,48.50 
8/1/2021,36.90 
8/2/2021,41.10 
8/3/2021,49.20 
8/4/2021,41.90 
8/5/2021,32.00 
8/6/2021,12.10 
8/7/2021,11.70 
8/8/2021,12.80 
8/9/2021,22.00 
8/10/2021,23.30 
8/11/2021,15.50 
8/12/2021,15.70 
8/13/2021,21.20 
8/14/2021,18.50 
8/15/2021,23.60 
8/16/2021,13.10 
8/17/2021,14.20 
8/18/2021,14.10 
8/19/2021,26.50 
8/20/2021,12.30 
8/21/2021,9.55 
8/22/2021,9.01 
8/23/2021,12.60 
8/24/2021,16.10 
8/25/2021,17.20 
8/26/2021,16.80 
8/27/2021,23.90 
8/28/2021,22.80 
8/29/2021,26.80 
8/30/2021,23.10 
8/31/2021,26.20 
9/1/2021,36.60 
9/2/2021,15.20 
9/3/2021,21.70 
9/4/2021,18.10 
9/5/2021,16.90 
9/6/2021,17.30 
9/7/2021,70.50 
9/8/2021,22.90 
9/9/2021,35.70 
9/10/2021,22.50 
9/11/2021,9.75 
9/12/2021,8.57 
9/13/2021,18.90 
9/14/2021,21.00 
9/15/2021,11.20 
9/16/2021,16.60 
9/17/2021,10.10 
9/18/2021,7.47 
9/19/2021,22.40 
9/20/2021,14.40 
9/21/2021,15.60 
9/22/2021,10.60 
9/23/2021,29.00 
9/24/2021,10.70 
9/25/2021,6.97 
9/26/2021,15.60 
9/27/2021,94.50 
9/28/2021,14.40 
9/29/2021,10.70 
9/30/2021,15.40 
10/1/2021,11.00 
10/2/2021,11.50 
10/3/2021,8.10 
10/4/2021,12.50 
10/5/2021,23.00 
10/6/2021,17.20 
10/7/2021,20.80 
10/8/2021,15.70 
10/9/2021,8.58 
10/10/2021,13.40 
10/11/2021,14.40 
10/12/2021,12.60 
10/13/2021,14.20 
10/14/2021,17.00 
10/15/2021,39.00 
10/16/2021,9.44 
10/17/2021,9.08 
10/18/2021,46.80 
10/19/2021,10.80 
10/20/2021,10.40 
10/21/2021,14.40 
10/22/2021,11.70 
10/23/2021,9.56 
10/24/2021,10.80 
10/25/2021,13.60 
10/26/2021,15.50 
10/27/2021,23.50 
10/28/2021,23.20 
10/29/2021,20.50 
10/30/2021,20.20 
10/31/2021,17.40 
11/1/2021,17.50 
11/2/2021,20.60 
11/3/2021,19.70 
11/4/2021,17.10 
11/5/2021,16.40 
11/6/2021,15.00 
11/7/2021,11.80 
11/8/2021,18.20 
11/9/2021,18.40 
11/10/2021,19.80 
11/11/2021,19.10 
11/12/2021,16.40 
11/13/2021,14.20 
11/14/2021,12.70 
11/15/2021,18.20 
11/16/2021,19.00 
11/17/2021,14.10 
11/18/2021,16.30 
11/19/2021,13.20 
11/20/2021,10.90 
11/21/2021,11.90 
11/22/2021,15.70 
11/23/2021,16.80 
11/24/2021,15.90 
11/25/2021,14.80 
11/26/2021,15.60 
11/27/2021,21.40 
11/28/2021,13.20 
11/29/2021,13.90 
11/30/2021,22.20 
12/1/2021,13.80 
12/2/2021,16.10 
12/3/2021,12.10 
12/4/2021,18.60 
12/5/2021,12.60 
12/6/2021,13.30 
12/7/2021,11.40 
12/8/2021,10.20 
12/9/2021,11.20 
12/10/2021,14.60 
12/11/2021,8.79 
12/12/2021,8.31 
12/13/2021,15.00 
12/14/2021,11.30 
12/15/2021,10.90 
12/16/2021,10.10 
12/17/2021,21.20 
12/18/2021,7.38 
12/19/2021,15.30 
12/20/2021,11.90 
12/21/2021,8.41 
12/22/2021,9.37 
12/23/2021,13.90 
12/24/2021,10.90 
12/25/2021,7.87 
12/26/2021,6.34 
12/27/2021,8.82 
12/28/2021,11.20 
12/29/2021,12.80 
12/30/2021,10.90 
12/31/2021,8.81 
1/1/2022,7.47 
1/2/2022,9.06 
1/3/2022,8.99 
1/4/2022,12.50 
1/5/2022,14.90 
1/6/2022,11.30 
1/7/2022,15.20 
1/8/2022,11.00 
1/9/2022,11.80 
1/10/2022,14.50 
1/11/2022,13.30 
1/12/2022,25.60 
1/13/2022,11.60 
1/14/2022,14.70 
1/15/2022,14.00 
1/16/2022,9.23 
1/17/2022,20.30 
1/18/2022,13.40 
1/19/2022,13.50 
1/20/2022,20.10 
1/21/2022,17.10 
1/22/2022,15.60 
1/23/2022,8.74 
1/24/2022,16.10 
1/25/2022,15.00 
1/26/2022,11.60 
1/27/2022,11.70 
1/28/2022,10.90 
1/29/2022,11.80 
1/30/2022,26.40 
1/31/2022,9.89 
2/1/2022,14.50 
2/2/2022,15.80 
2/3/2022,11.20 
2/4/2022,9.45 
2/5/2022,66.70 
2/6/2022,7.85 
2/7/2022,10.50 
2/8/2022,8.77 
2/9/2022,10.40 
2/10/2022,26.90 
2/11/2022,9.06 
2/12/2022,7.45 
2/13/2022,7.44 
2/14/2022,8.99 
2/15/2022,18.00 
2/16/2022,11.60 
2/17/2022,9.19 
2/18/2022,7.34 
2/19/2022,11.70 
2/20/2022,15.10 
2/21/2022,7.86 
2/22/2022,9.41 
2/23/2022,24.70 
2/24/2022,9.64 
2/25/2022,11.70 
2/26/2022,13.10 
2/27/2022,6.68 
2/28/2022,8.74 
3/1/2022,7.29 
3/2/2022,7.05 
3/3/2022,7.37 
3/4/2022,6.61 
3/5/2022,5.82 
3/6/2022,6.24 
3/7/2022,8.69 
3/8/2022,14.40 
3/9/2022,5.96 
3/10/2022,6.40 
3/11/2022,6.18 
3/12/2022,5.08 
3/13/2022,11.00 
3/14/2022,6.44 
3/15/2022,6.03 
3/16/2022,6.86 
3/17/2022,16.40 
3/18/2022,17.90 
3/19/2022,5.41 
3/20/2022,6.05 
3/21/2022,6.03 
3/22/2022,7.58 
3/23/2022,5.75 
3/24/2022,6.86 
3/25/2022,5.95 
3/26/2022,4.91 
3/27/2022,21.70 
3/28/2022,23.50 
3/29/2022,8.67 
3/30/2022,6.84 
3/31/2022,7.12 
4/1/2022,7.60 
4/2/2022,14.60 
4/3/2022,10.70 
4/4/2022,7.89 
4/5/2022,31.60 
4/6/2022,7.48 
4/7/2022,14.80 
4/8/2022,6.55 
4/9/2022,4.96 
4/10/2022,12.20 
4/11/2022,6.60 
4/12/2022,6.29 
4/13/2022,6.27 
4/14/2022,7.31 
4/15/2022,5.00 
4/16/2022,10.50 
4/17/2022,7.18 
4/18/2022,6.30 
4/19/2022,6.83 
4/20/2022,8.85 
4/21/2022,6.70 
4/22/2022,10.80 
4/23/2022,4.65 
4/24/2022,5.28 
4/25/2022,7.42 
4/26/2022,5.63 
4/27/2022,9.28 
4/28/2022,9.17 
4/29/2022,8.06 
4/30/2022,6.49 
5/1/2022,100.00 
5/2/2022,7.02 
5/3/2022,5.53 
5/4/2022,6.29 
5/5/2022,13.50 
5/6/2022,14.90 
5/7/2022,4.00 
5/8/2022,4.97 
5/9/2022,9.70 
5/10/2022,10.40 
5/11/2022,21.10 
5/12/2022,26.90 
5/13/2022,9.31 
5/14/2022,8.22 
5/15/2022,5.42 
5/16/2022,6.19 
5/17/2022,5.86 
5/18/2022,5.47 
5/19/2022,6.17 
5/20/2022,5.35 
5/21/2022,6.11 
5/22/2022,4.15 
5/23/2022,5.07 
5/24/2022,5.22 
5/25/2022,5.29 
5/26/2022,6.78 
5/27/2022,6.44 
5/28/2022,4.12 
5/29/2022,4.06 
5/30/2022,5.63 
5/31/2022,9.29 
6/1/2022,5.87 
6/2/2022,4.81 
6/3/2022,5.29 
6/4/2022,7.16 
6/5/2022,5.09 
6/6/2022,6.21 
6/7/2022,7.11 
6/8/2022,6.51 
6/9/2022,7.60 
6/10/2022,7.53 
6/11/2022,6.55 
6/12/2022,6.13 
6/13/2022,16.90 
6/14/2022,11.50 
6/15/2022,11.30 
6/16/2022,6.59 
6/17/2022,7.65 
6/18/2022,10.30 
6/19/2022,8.63 
6/20/2022,6.04 
6/21/2022,6.57 
6/22/2022,5.57 
6/23/2022,6.51 
6/24/2022,7.08 
6/25/2022,4.57 
6/26/2022,4.52 
6/27/2022,5.76 
6/28/2022,6.87 
6/29/2022,9.62 
6/30/2022,8.22 
7/1/2022,6.71 
7/2/2022,4.76 
7/3/2022,4.96 
7/4/2022,5.48 
7/5/2022,6.23 
7/6/2022,6.26 
7/7/2022,5.84 
7/8/2022,5.57 
7/9/2022,12.30 
7/10/2022,4.71 
7/11/2022,6.46 
7/12/2022,6.28 
7/13/2022,8.46 
7/14/2022,6.25 
7/15/2022,6.04 
7/16/2022,7.62 
7/17/2022,6.07 
7/18/2022,7.02 
7/19/2022,7.43 
7/20/2022,6.55 
7/21/2022,6.05 
7/22/2022,5.21 
7/23/2022,4.47 
7/24/2022,4.47 
7/25/2022,5.87 
7/26/2022,5.81 
7/27/2022,6.65 
7/28/2022,6.56 
7/29/2022,5.71 
7/30/2022,4.47 
7/31/2022,4.28 
8/1/2022,11.60 
8/2/2022,5.39 
8/3/2022,4.96 
8/4/2022,4.38 
8/5/2022,4.52 
8/6/2022,3.61 
8/7/2022,4.00 
8/8/2022,5.36 
8/9/2022,5.38 
8/10/2022,7.67 
8/11/2022,5.39 
8/12/2022,4.68 
8/13/2022,4.09 
8/14/2022,4.24 
8/15/2022,6.47 
8/16/2022,4.09 
8/17/2022,4.52 
8/18/2022,3.96 
8/19/2022,5.65 
8/20/2022,3.98 
8/21/2022,3.81 
8/22/2022,4.82 
8/23/2022,4.34 
8/24/2022,4.52 
8/25/2022,5.28 
8/26/2022,5.29 
8/27/2022,3.65 
8/28/2022,3.68 
8/29/2022,4.61 
8/30/2022,5.70 
8/31/2022,5.37 
9/1/2022,4.42 
9/2/2022,4.25 
9/3/2022,3.15 
9/4/2022,3.47 
9/5/2022,4.07 
9/6/2022,4.88 
9/7/2022,5.65 
9/8/2022,5.79 
9/9/2022,4.90 
9/10/2022,4.87 
9/11/2022,4.12 
9/12/2022,5.14 
9/13/2022,7.47 
9/14/2022,4.65 
9/15/2022,7.45 
9/16/2022,5.31 
9/17/2022,3.76 
9/18/2022,4.58 
9/19/2022,5.27 
9/20/2022,5.22 
9/21/2022,7.41 
9/22/2022,4.90 
9/23/2022,5.11 
9/24/2022,3.86 
9/25/2022,4.27 
9/26/2022,5.45 
9/27/2022,5.23 
9/28/2022,5.80 
9/29/2022,5.27 
9/30/2022,5.08 
10/1/2022,3.78 
10/2/2022,3.88 
10/3/2022,4.33 
10/4/2022,4.62 
10/5/2022,5.78 
10/6/2022,4.64 
10/7/2022,5.72 
10/8/2022,3.61 
10/9/2022,3.74 
10/10/2022,4.84 
10/11/2022,4.15 
10/12/2022,4.48 
10/13/2022,6.06 
10/14/2022,4.49 
10/15/2022,3.79 
10/16/2022,4.20 
10/17/2022,6.45 
10/18/2022,5.92 
10/19/2022,6.73 
10/20/2022,6.34 
10/21/2022,6.39 
10/22/2022,4.39 
10/23/2022,4.57 
10/24/2022,4.88 
10/25/2022,5.62 
10/26/2022,5.64 
10/27/2022,4.80 
10/28/2022,5.02 
10/29/2022,4.95 
10/30/2022,3.73 
10/31/2022,5.65 
11/1/2022,5.12 
11/2/2022,5.82 
11/3/2022,12.20 
11/4/2022,5.78 
11/5/2022,3.58 
11/6/2022,3.91 
11/7/2022,4.70 
11/8/2022,11.70 
11/9/2022,14.80 
11/10/2022,12.20 
11/11/2022,8.50 
11/12/2022,6.21 
11/13/2022,5.92 
11/14/2022,6.46 
11/15/2022,5.51 
11/16/2022,4.86 
11/17/2022,5.71 
11/18/2022,4.90 
11/19/2022,3.19 
11/20/2022,4.07 
11/21/2022,4.96 
11/22/2022,5.14 
11/23/2022,3.92 
11/24/2022,3.77 
11/25/2022,3.23 
11/26/2022,3.18 
11/27/2022,2.94 
11/28/2022,4.00 
11/29/2022,3.71 
11/30/2022,4.42 
12/1/2022,3.72 
12/2/2022,3.59 
12/3/2022,3.04 
12/4/2022,2.87 
12/5/2022,3.71 
12/6/2022,3.89 
12/7/2022,5.66 
12/8/2022,3.89 
12/9/2022,3.87 
12/10/2022,2.97 
12/11/2022,3.16 
12/12/2022,3.66 
12/13/2022,4.60 
12/14/2022,4.07 
12/15/2022,3.68 
12/16/2022,5.55 
12/17/2022,3.50 
12/18/2022,2.91 
12/19/2022,3.54 
12/20/2022,3.90 
12/21/2022,3.46 
12/22/2022,3.57 
12/23/2022,3.19 
12/24/2022,2.27 
12/25/2022,2.67 
12/26/2022,3.02 
12/27/2022,3.44 
12/28/2022,3.53 
12/29/2022,3.25 
12/30/2022,3.19 
12/31/2022,2.91 
1/1/2023,3.01 
1/2/2023,3.89 
1/3/2023,3.79 
1/4/2023,11.20 
1/5/2023,3.92 
1/6/2023,4.12 
1/7/2023,3.12 
1/8/2023,3.63 
1/9/2023,4.18 
1/10/2023,3.80 
1/11/2023,4.63 
1/12/2023,4.93 
1/13/2023,4.72 
1/14/2023,5.64 
1/15/2023,4.06 
1/16/2023,5.80 
1/17/2023,4.25 
1/18/2023,6.01 
1/19/2023,3.91 
1/20/2023,4.43 
1/21/2023,4.32 
1/22/2023,3.49 
1/23/2023,3.98 
1/24/2023,7.43 
1/25/2023,5.30 
1/26/2023,5.92 
1/27/2023,4.81 
1/28/2023,3.41 
1/29/2023,3.90 
1/30/2023,3.88 
1/31/2023,5.30 
2/1/2023,5.35 
2/2/2023,5.51 
2/3/2023,5.21 
2/4/2023,4.20 
2/5/2023,3.89 
2/6/2023,4.98 
2/7/2023,6.29 
2/8/2023,5.96 
2/9/2023,5.65 
2/10/2023,4.72 
2/11/2023,3.50 
2/12/2023,3.75 
2/13/2023,5.09 
2/14/2023,6.89 
2/15/2023,6.16 
2/16/2023,6.76 
2/17/2023,5.48 
2/18/2023,4.18 
2/19/2023,5.38 
2/20/2023,7.07 
2/21/2023,5.34 
2/22/2023,5.37 
2/23/2023,4.56 
2/24/2023,4.17 
2/25/2023,3.14 
2/26/2023,3.50 
2/27/2023,4.27 
2/28/2023,4.46 
3/1/2023,5.13 
3/2/2023,5.44 
3/3/2023,6.18 
3/4/2023,3.79 
3/5/2023,4.05 
3/6/2023,4.63 
3/7/2023,5.74 
3/8/2023,4.69 
3/9/2023,4.84 
3/10/2023,6.67 
3/11/2023,19.80 
3/12/2023,9.91 
3/13/2023,7.65 
3/14/2023,6.14 
3/15/2023,5.93 
3/16/2023,5.81 
3/17/2023,5.09 
3/18/2023,3.90 
3/19/2023,4.47 
3/20/2023,5.39 
3/21/2023,4.46 
3/22/2023,4.39 
3/23/2023,4.02 
3/24/2023,4.00 
3/25/2023,2.76 
3/26/2023,4.25 
3/27/2023,4.60 
3/28/2023,7.01 
3/29/2023,4.58 
3/30/2023,5.22 
3/31/2023,4.35 
4/1/2023,3.35 
4/2/2023,3.32 
4/3/2023,4.95 
4/4/2023,4.62 
4/5/2023,3.97 
4/6/2023,3.45 
4/7/2023,3.23 
4/8/2023,3.78 
4/9/2023,2.70 
4/10/2023,3.65 
4/11/2023,5.94 
4/12/2023,3.37 
4/13/2023,3.90 
4/14/2023,5.51 
4/15/2023,2.97 
4/16/2023,3.57 
4/17/2023,6.82 
4/18/2023,10.80 
4/19/2023,13.20 
4/20/2023,12.60 
4/21/2023,7.47 
4/22/2023,6.44 
4/23/2023,7.25 
4/24/2023,7.80 
4/25/2023,6.61 
4/26/2023,7.15 
4/27/2023,7.07 
4/28/2023,6.99 
4/29/2023,5.75 
4/30/2023,7.86 
5/1/2023,12.90 
5/2/2023,15.90 
5/3/2023,11.50 
5/4/2023,12.90 
5/5/2023,21.20 
5/6/2023,21.70 
5/7/2023,19.20 
5/8/2023,18.50 
5/9/2023,15.70 
5/10/2023,16.80 
5/11/2023,19.40 
5/12/2023,14.30 
5/13/2023,8.86 
5/14/2023,8.32 
5/15/2023,13.30 
5/16/2023,10.20 
5/17/2023,9.41 
5/18/2023,10.10 
5/19/2023,9.86 
5/20/2023,5.36 
5/21/2023,7.35 
5/22/2023,9.66 
5/23/2023,10.70 
5/24/2023,9.43 
5/25/2023,10.10 
5/26/2023,8.40 
5/27/2023,6.57 
5/28/2023,8.06 
5/29/2023,9.88 
5/30/2023,8.22 
5/31/2023,8.21 
6/1/2023,8.29 
6/2/2023,6.56 
6/3/2023,5.53 
6/4/2023,4.66 
6/5/2023,7.30 
6/6/2023,6.12 
6/7/2023,5.57 
6/8/2023,6.16 
6/9/2023,6.08 
6/10/2023,5.10 
6/11/2023,3.73 
6/12/2023,4.75 
6/13/2023,4.32 
6/14/2023,4.79 
6/15/2023,4.95 
6/16/2023,6.25 
6/17/2023,5.78 
6/18/2023,4.25 
6/19/2023,5.06 
6/20/2023,5.27 
6/21/2023,5.79 
6/22/2023,5.70 
6/23/2023,5.94 
6/24/2023,3.68 
6/25/2023,3.51 
6/26/2023,4.35 
6/27/2023,7.82 
6/28/2023,6.13 
6/29/2023,8.47 
6/30/2023,7.22 
7/1/2023,5.41 
7/2/2023,4.86 
7/3/2023,6.45 
7/4/2023,5.10 
7/5/2023,5.73 
7/6/2023,7.31 
7/7/2023,7.89 
7/8/2023,5.82 
7/9/2023,6.40 
7/10/2023,6.63 
7/11/2023,6.26 
7/12/2023,6.40 
7/13/2023,7.41 
7/14/2023,6.12 
7/15/2023,5.06 
7/16/2023,6.23 
7/17/2023,7.31 
7/18/2023,6.32 
7/19/2023,8.39 
7/20/2023,7.71 
7/21/2023,7.45 
7/22/2023,6.53 
7/23/2023,7.07 
7/24/2023,8.70 
7/25/2023,8.78 
7/26/2023,7.32 
7/27/2023,8.44 
7/28/2023,8.51 
7/29/2023,5.66 
7/30/2023,6.40 
7/31/2023,4.91 
8/1/2023,5.68 
8/2/2023,6.75 
8/3/2023,5.74 
8/4/2023,4.97 
8/5/2023,5.25 
8/6/2023,4.58 
8/7/2023,6.10 
8/8/2023,6.23 
8/9/2023,5.23 
8/10/2023,5.76 
8/11/2023,5.00 
8/12/2023,4.53 
8/13/2023,4.36 
8/14/2023,5.38 
8/15/2023,5.91 
8/16/2023,6.97 
8/17/2023,7.16 
8/18/2023,6.09 
8/19/2023,4.44 
8/20/2023,4.49 
8/21/2023,5.70 
8/22/2023,5.83 
8/23/2023,5.31 
8/24/2023,4.97 
8/25/2023,6.75 
8/26/2023,3.98 
8/27/2023,3.59 
8/28/2023,7.11 
8/29/2023,7.93 
8/30/2023,5.09 
8/31/2023,4.60 
9/1/2023,4.17 
9/2/2023,3.34 
9/3/2023,3.55 
9/4/2023,4.29 
9/5/2023,5.01 
9/6/2023,5.31 
9/7/2023,4.98 
9/8/2023,6.30 
9/9/2023,4.30 
9/10/2023,3.60 
9/11/2023,5.77 
9/12/2023,4.71 
9/13/2023,4.39 
9/14/2023,5.13 
9/15/2023,4.94 
9/16/2023,3.88 
9/17/2023,3.23 
9/18/2023,5.10 
9/19/2023,4.55 
9/20/2023,4.62 
9/21/2023,4.52 
9/22/2023,3.86 
9/23/2023,2.76 
9/24/2023,2.73 
9/25/2023,4.58 
9/26/2023,4.98 
9/27/2023,4.02 
9/28/2023,3.74 
9/29/2023,3.83 
9/30/2023,3.30 
10/1/2023,3.25 
10/2/2023,6.48 
10/3/2023,4.18 
10/4/2023,3.69 
10/5/2023,3.38 
10/6/2023,3.21 
10/7/2023,2.85 
10/8/2023,2.53 
10/9/2023,3.46 
10/10/2023,3.06 
10/11/2023,3.20 
10/12/2023,3.49 
10/13/2023,3.96 
10/14/2023,2.51 
10/15/2023,2.66 
10/16/2023,4.30 
10/17/2023,3.57 
10/18/2023,3.52 
10/19/2023,4.22 
10/20/2023,4.87 
10/21/2023,3.26 
10/22/2023,3.52 
10/23/2023,5.76 
10/24/2023,5.36 
10/25/2023,5.32 
10/26/2023,5.51 
10/27/2023,5.04 
10/28/2023,4.39 
10/29/2023,4.02 
10/30/2023,5.10 
10/31/2023,5.44 
11/1/2023,5.37 
11/2/2023,4.99 
11/3/2023,4.94 
11/4/2023,4.26 
11/5/2023,4.79 
11/6/2023,6.02 
11/7/2023,4.51 
11/8/2023,5.22 
11/9/2023,6.78 
11/10/2023,6.79 
11/11/2023,4.96 
11/12/2023,5.59 
11/13/2023,9.61 
11/14/2023,7.40 
11/15/2023,5.92 
11/16/2023,5.77 
11/17/2023,5.07 
11/18/2023,4.91 
11/19/2023,4.94 
11/20/2023,5.36 
11/21/2023,5.57 
11/22/2023,6.49 
11/23/2023,5.48 
11/24/2023,5.18 
11/25/2023,4.07 
11/26/2023,4.57 
11/27/2023,6.15 
11/28/2023,7.84 
11/29/2023,6.30 
